->q0,0,q1
->q0,1,q2
->q0,2,q3
->q0,3,q4
->q0,4,q4
->q0,5,q4
->q0,6,q4
->q0,7,q4
->q0,8,q4
->q0,9,q4
q1,.,q5
q2,.,q5
q2,0,q6
q2,1,q6
q2,2,q6
q2,3,q6
q2,4,q6
q2,5,q6
q2,6,q6
q2,7,q6
q2,8,q6
q2,9,q6
q3,.,q5
q3,0,q6
q3,1,q6
q3,2,q6
q3,3,q6
q3,4,q6
q3,5,q6
q3,6,q4
q3,7,q4
q3,8,q4
q3,9,q4
q4,.,q5
q4,0,q7
q4,1,q7
q4,2,q7
q4,3,q7
q4,4,q7
q4,5,q7
q4,6,q7
q4,7,q7
q4,8,q7
q4,9,q7
q5,0,q8
q5,1,q9
q5,2,q10
q5,3,q9
q5,4,q9
q5,5,q9
q5,6,q9
q5,7,q9
q5,8,q9
q5,9,q9
q6,.,q5
q6,0,q7
q6,1,q7
q6,2,q7
q6,3,q7
q6,4,q7
q6,5,q7
q6,6,q7
q6,7,q7
q6,8,q7
q6,9,q7
q7,.,q5
q8,.,q11
q9,.,q11
q9,0,q12
q9,1,q12
q9,2,q12
q9,3,q12
q9,4,q12
q9,5,q12
q9,6,q12
q9,7,q12
q9,8,q12
q9,9,q12
q10,.,q11
q10,0,q12
q10,1,q12
q10,2,q12
q10,3,q12
q10,4,q12
q10,5,q12
q10,6,q9
q10,7,q9
q10,8,q9
q10,9,q9
q11,0,q13
q11,1,q14
q11,2,q15
q11,3,q14
q11,4,q14
q11,5,q14
q11,6,q14
q11,7,q14
q11,8,q14
q11,9,q14
q12,.,q11
q12,0,q17
q12,1,q17
q12,2,q17
q12,3,q17
q12,4,q17
q12,5,q17
q12,6,q17
q12,7,q17
q12,8,q17
q12,9,q17
q13,.,q16
q14,.,q16
q14,0,q17
q14,1,q17
q14,2,q17
q14,3,q17
q14,4,q17
q14,5,q17
q14,6,q17
q14,7,q17
q14,8,q17
q14,9,q17
q15,.,q16
q15,0,q17
q15,1,q17
q15,2,q17
q15,3,q17
q15,4,q17
q15,5,q17
q15,6,q14
q15,7,q14
q15,8,q14
q15,9,q14
q16,0,q18
q16,1,q19
q16,2,q20
q16,3,q19
q16,4,q19
q16,5,q19
q16,6,q19
q16,7,q19
q16,8,q19
q16,9,q19
q17,.,q16
q17,0,q23
q17,1,q23
q17,2,q23
q17,3,q23
q17,4,q23
q17,5,q23
q17,6,q23
q17,7,q23
q17,8,q23
q17,9,q23
q18,.,q21
q19,.,q21
q19,0,q22
q19,1,q22
q19,2,q22
q19,3,q22
q19,4,q22
q19,5,q22
q19,6,q22
q19,7,q22
q19,8,q22
q19,9,q22
q20,.,q21
q20,0,q22
q20,1,q22
q20,2,q22
q20,3,q22
q20,4,q22
q20,5,q22
q20,6,q19
q20,7,q19
q20,8,q19
q20,9,q19
q21,0,q24
q21,1,q25
q21,2,q26
q21,3,q25
q21,4,q25
q21,5,q25
q21,6,q25
q21,7,q25
q21,8,q25
q21,9,q25
q22,.,q21
q22,0,q27
q22,1,q27
q22,2,q27
q22,3,q27
q22,4,q27
q22,5,q27
q22,6,q27
q22,7,q27
q22,8,q27
q22,9,q27
q23,.,q16
q24,.,q28
q25,.,q28
q25,0,q29
q25,1,q29
q25,2,q29
q25,3,q29
q25,4,q29
q25,5,q29
q25,6,q29
q25,7,q29
q25,8,q29
q25,9,q29
q26,.,q28
q26,0,q29
q26,1,q29
q26,2,q29
q26,3,q29
q26,4,q29
q26,5,q29
q26,6,q25
q26,7,q25
q26,8,q25
q26,9,q25
q27,.,q21
q28,0,q30
q28,1,q31
q28,2,q32
q28,3,q31
q28,4,q31
q28,5,q31
q28,6,q31
q28,7,q31
q28,8,q31
q28,9,q31
q29,.,q28
q29,0,q34
q29,1,q34
q29,2,q34
q29,3,q34
q29,4,q34
q29,5,q34
q29,6,q34
q29,7,q34
q29,8,q34
q29,9,q34
q34,0,q44
q34,1,q44
q34,2,q44
q34,3,q44
q34,4,q44
q34,5,q44
q34,6,q44
q34,7,q44
q34,8,q44
q34,9,q44
q30,.,q33
q31,.,q33
q31,0,q34
q31,1,q34
q31,2,q34
q31,3,q34
q31,4,q34
q31,5,q34
q31,6,q34
q31,7,q34
q31,8,q34
q31,9,q34
q32,.,q33
q32,0,q34
q32,1,q34
q32,2,q34
q32,3,q34
q32,4,q34
q32,5,q34
q32,6,q31
q32,7,q31
q32,8,q31
q32,9,q31
q33,0,q35
q33,1,q36
q33,2,q37
q33,3,q36
q33,4,q36
q33,5,q36
q33,6,q36
q33,7,q36
q33,8,q36
q33,9,q36
q34,.,q33
q35,.,q38
q36,.,q38
q36,0,q39
q36,1,q39
q36,2,q39
q36,3,q39
q36,4,q39
q36,5,q39
q36,6,q39
q36,7,q39
q36,8,q39
q36,9,q39
q37,.,q38
q37,0,q39
q37,1,q39
q37,2,q39
q37,3,q39
q37,4,q39
q37,5,q39
q37,6,q36
q37,7,q36
q37,8,q36
q37,9,q36
q38,0,q40
q38,1,q41
q38,2,q42
q38,3,q41
q38,4,q41
q38,5,q41
q38,6,q41
q38,7,q41
q38,8,q41
q38,9,q41
q39,.,q38
q40,.,q43
q41,.,q43
q41,0,q44
q41,1,q44
q41,2,q44
q41,3,q44
q41,4,q44
q41,5,q44
q41,6,q44
q41,7,q44
q41,8,q44
q41,9,q44
q42,.,q43
q42,0,q44
q42,1,q44
q42,2,q44
q42,3,q44
q42,4,q44
q42,5,q44
q42,6,q41
q42,7,q41
q42,8,q41
q42,9,q41
*q1
*q6
*q7
*q8
*q12
*q13
*q17
*q18
*q22
*q23
*q24
*q27
*q29
*q30
*q34
*q35
*q39
*q40
*q44